hr,is_walk,heart_rate
,False,
115.0,False,115.0
115.0,False,115.0
116.0,False,116.0
117.0,False,117.0
118.0,False,118.0
118.0,False,118.0
122.0,False,122.0
126.0,False,126.0
131.0,False,131.0
136.0,False,136.0
141.0,False,141.0
144.0,False,144.0
145.0,False,145.0
145.0,False,145.0
145.0,False,145.0
145.0,False,145.0
145.0,False,145.0
148.0,False,148.0
149.0,False,149.0
149.0,False,149.0
150.0,False,150.0
151.0,False,151.0
152.0,False,152.0
153.0,False,153.0
154.0,False,154.0
154.0,False,154.0
155.0,False,155.0
155.0,False,155.0
154.0,False,154.0
154.0,False,154.0
154.0,False,154.0
152.0,False,152.0
151.0,False,151.0
149.0,False,149.0
149.0,False,149.0
148.0,False,148.0
148.0,False,148.0
148.0,False,148.0
148.0,False,148.0
148.0,False,148.0
148.0,False,148.0
148.0,False,148.0
148.0,False,148.0
150.0,False,150.0
150.0,False,150.0
151.0,False,151.0
151.0,False,151.0
153.0,False,153.0
153.0,False,153.0
153.0,False,153.0
154.0,False,154.0
154.0,False,154.0
155.0,False,155.0
156.0,False,156.0
160.0,False,160.0
162.0,False,162.0
162.0,False,162.0
162.0,False,162.0
162.0,False,162.0
162.0,False,162.0
161.0,False,161.0
161.0,False,161.0
161.0,False,161.0
161.0,False,161.0
161.0,False,161.0
161.0,False,161.0
161.0,False,161.0
161.0,False,161.0
160.0,False,160.0
157.0,False,157.0
157.0,False,157.0
155.0,False,155.0
154.0,False,154.0
153.0,False,153.0
153.0,False,153.0
153.0,False,153.0
153.0,False,153.0
153.0,False,153.0
153.0,False,153.0
153.0,False,153.0
153.0,False,153.0
154.0,False,154.0
154.0,False,154.0
156.0,False,156.0
159.0,False,159.0
159.0,False,159.0
159.0,False,159.0
159.0,False,159.0
159.0,False,159.0
159.0,False,159.0
159.0,False,159.0
159.0,False,159.0
159.0,False,159.0
159.0,False,159.0
159.0,False,159.0
159.0,False,159.0
161.0,False,161.0
163.0,False,163.0
164.0,False,164.0
164.0,False,164.0
164.0,False,164.0
163.0,False,163.0
162.0,False,162.0
161.0,False,161.0
160.0,False,160.0
160.0,False,160.0
160.0,False,160.0
160.0,False,160.0
160.0,False,160.0
160.0,False,160.0
160.0,False,160.0
160.0,False,160.0
161.0,False,161.0
162.0,False,162.0
162.0,False,162.0
162.0,False,162.0
161.0,False,161.0
159.0,False,159.0
157.0,False,157.0
156.0,False,156.0
156.0,False,156.0
156.0,False,156.0
156.0,False,156.0
156.0,False,156.0
156.0,False,156.0
155.0,False,155.0
155.0,False,155.0
155.0,False,155.0
156.0,False,156.0
156.0,False,156.0
156.0,False,156.0
156.0,False,156.0
156.0,False,156.0
156.0,False,156.0
156.0,False,156.0
157.0,False,157.0
159.0,False,159.0
160.0,False,160.0
161.0,False,161.0
161.0,False,161.0
162.0,False,162.0
163.0,False,163.0
163.0,False,163.0
164.0,False,164.0
167.0,False,167.0
167.0,False,167.0
167.0,False,167.0
167.0,False,167.0
167.0,False,167.0
166.0,False,166.0
166.0,False,166.0
166.0,False,166.0
166.0,False,166.0
166.0,False,166.0
166.0,False,166.0
166.0,False,166.0
166.0,False,166.0
166.0,False,166.0
166.0,False,166.0
163.0,False,163.0
161.0,False,161.0
161.0,False,161.0
161.0,False,161.0
161.0,False,161.0
161.0,False,161.0
161.0,False,161.0
161.0,False,161.0
161.0,False,161.0
161.0,False,161.0
161.0,False,161.0
161.0,False,161.0
160.0,False,160.0
160.0,False,160.0
160.0,False,160.0
160.0,False,160.0
160.0,False,160.0
160.0,False,160.0
160.0,False,160.0
160.0,False,160.0
160.0,False,160.0
160.0,False,160.0
161.0,False,161.0
161.0,False,161.0
161.0,False,161.0
161.0,False,161.0
162.0,False,162.0
162.0,False,162.0
162.0,False,162.0
162.0,False,162.0
162.0,False,162.0
162.0,False,162.0
162.0,False,162.0
162.0,False,162.0
162.0,False,162.0
162.0,False,162.0
160.0,False,160.0
159.0,False,159.0
158.0,False,158.0
157.0,False,157.0
156.0,False,156.0
156.0,False,156.0
156.0,False,156.0
156.0,False,156.0
156.0,False,156.0
156.0,False,156.0
156.0,False,156.0
156.0,False,156.0
156.0,False,156.0
157.0,False,157.0
160.0,False,160.0
162.0,False,162.0
162.0,False,162.0
163.0,False,163.0
163.0,False,163.0
163.0,False,163.0
164.0,False,164.0
164.0,False,164.0
164.0,False,164.0
164.0,False,164.0
164.0,False,164.0
164.0,False,164.0
164.0,False,164.0
164.0,False,164.0
164.0,False,164.0
164.0,False,164.0
164.0,False,164.0
164.0,False,164.0
165.0,False,165.0
164.0,False,164.0
164.0,False,164.0
162.0,False,162.0
162.0,False,162.0
162.0,False,162.0
162.0,False,162.0
162.0,False,162.0
162.0,False,162.0
162.0,False,162.0
162.0,False,162.0
163.0,False,163.0
163.0,False,163.0
164.0,False,164.0
167.0,False,167.0
170.0,False,170.0
171.0,False,171.0
171.0,False,171.0
172.0,False,172.0
172.0,False,172.0
172.0,False,172.0
172.0,False,172.0
172.0,False,172.0
171.0,False,171.0
171.0,False,171.0
170.0,False,170.0
170.0,False,170.0
170.0,False,170.0
170.0,False,170.0
170.0,False,170.0
170.0,False,170.0
170.0,False,170.0
170.0,False,170.0
170.0,False,170.0
170.0,False,170.0
170.0,False,170.0
170.0,False,170.0
170.0,False,170.0
170.0,False,170.0
171.0,False,171.0
172.0,False,172.0
172.0,False,172.0
172.0,False,172.0
170.0,False,170.0
169.0,False,169.0
169.0,False,169.0
169.0,False,169.0
169.0,False,169.0
169.0,False,169.0
169.0,False,169.0
169.0,False,169.0
169.0,False,169.0
170.0,False,170.0
171.0,False,171.0
172.0,False,172.0
174.0,False,174.0
175.0,False,175.0
177.0,False,177.0
178.0,False,178.0
179.0,False,179.0
179.0,False,179.0
179.0,False,179.0
179.0,False,179.0
179.0,False,179.0
178.0,False,178.0
177.0,False,177.0
177.0,False,177.0
177.0,False,177.0
175.0,False,175.0
173.0,False,173.0
173.0,False,173.0
173.0,False,173.0
173.0,False,173.0
173.0,False,173.0
173.0,False,173.0
173.0,False,173.0
173.0,False,173.0
175.0,False,175.0
177.0,False,177.0
179.0,False,179.0
179.0,False,179.0
181.0,False,181.0
181.0,False,181.0
181.0,False,181.0
180.0,False,180.0
181.0,False,181.0
179.0,False,179.0
178.0,False,178.0
175.0,False,175.0
174.0,False,174.0
174.0,False,174.0
174.0,False,174.0
174.0,False,174.0
174.0,False,174.0
174.0,False,174.0
174.0,False,174.0
174.0,False,174.0
175.0,False,175.0
175.0,False,175.0
175.0,False,175.0
176.0,False,176.0
176.0,False,176.0
177.0,False,177.0
178.0,False,178.0
178.0,False,178.0
178.0,False,178.0
178.0,False,178.0
178.0,False,178.0
178.0,False,178.0
179.0,False,179.0
180.0,False,180.0
180.0,False,180.0
180.0,False,180.0
180.0,False,180.0
180.0,False,180.0
180.0,False,180.0
180.0,False,180.0
180.0,False,180.0
180.0,False,180.0
180.0,False,180.0
180.0,False,180.0
180.0,False,180.0
181.0,False,181.0
182.0,False,182.0
182.0,False,182.0
182.0,False,182.0
182.0,False,182.0
182.0,False,182.0
182.0,False,182.0
182.0,False,182.0
182.0,False,182.0
182.0,False,182.0
182.0,False,182.0
181.0,False,181.0
179.0,False,179.0
179.0,False,179.0
179.0,False,179.0
179.0,False,179.0
179.0,False,179.0
179.0,False,179.0
178.0,False,178.0
177.0,False,177.0
177.0,False,177.0
178.0,False,178.0
178.0,False,178.0
178.0,False,178.0
178.0,False,178.0
178.0,False,178.0
178.0,False,178.0
178.0,False,178.0
178.0,False,178.0
178.0,False,178.0
175.0,False,175.0
174.0,False,174.0
172.0,False,172.0
170.0,False,170.0
168.0,False,168.0
168.0,False,168.0
168.0,False,168.0
168.0,False,168.0
168.0,False,168.0
168.0,False,168.0
168.0,False,168.0
168.0,False,168.0
168.0,False,168.0
168.0,False,168.0
169.0,False,169.0
173.0,False,173.0
176.0,False,176.0
179.0,False,179.0
179.0,False,179.0
179.0,False,179.0
178.0,False,178.0
178.0,False,178.0
178.0,False,178.0
178.0,False,178.0
178.0,False,178.0
178.0,False,178.0
178.0,False,178.0
178.0,False,178.0
180.0,False,180.0
181.0,False,181.0
181.0,False,181.0
181.0,False,181.0
181.0,False,181.0
181.0,False,181.0
182.0,False,182.0
182.0,False,182.0
182.0,False,182.0
182.0,False,182.0
182.0,False,182.0
182.0,False,182.0
182.0,False,182.0
182.0,False,182.0
183.0,False,183.0
183.0,False,183.0
183.0,False,183.0
183.0,False,183.0
183.0,False,183.0
183.0,False,183.0
183.0,False,183.0
183.0,False,183.0
183.0,False,183.0
183.0,False,183.0
183.0,False,183.0
183.0,False,183.0
183.0,False,183.0
183.0,False,183.0
183.0,False,183.0
183.0,False,183.0
183.0,False,183.0
183.0,False,183.0
183.0,False,183.0
182.0,False,182.0
182.0,False,182.0
182.0,False,182.0
182.0,False,182.0
182.0,False,182.0
182.0,False,182.0
182.0,False,182.0
182.0,False,182.0
182.0,False,182.0
182.0,False,182.0
182.0,False,182.0
182.0,False,182.0
181.0,False,181.0
181.0,False,181.0
181.0,False,181.0
181.0,False,181.0
181.0,False,181.0
181.0,False,181.0
180.0,False,180.0
180.0,False,180.0
178.0,False,178.0
177.0,False,177.0
175.0,False,175.0
174.0,False,174.0
173.0,False,173.0
173.0,False,173.0
170.0,False,170.0
171.0,False,171.0
169.0,False,169.0
166.0,False,166.0
166.0,False,166.0
166.0,False,166.0
166.0,False,166.0
166.0,False,166.0
166.0,False,166.0
166.0,False,166.0
166.0,False,166.0
167.0,False,167.0
169.0,False,169.0
171.0,False,171.0
173.0,False,173.0
175.0,False,175.0
176.0,False,176.0
176.0,False,176.0
177.0,False,177.0
178.0,False,178.0
179.0,False,179.0
179.0,False,179.0
179.0,False,179.0
179.0,False,179.0
179.0,False,179.0
179.0,False,179.0
179.0,False,179.0
180.0,False,180.0
181.0,False,181.0
181.0,False,181.0
181.0,False,181.0
181.0,False,181.0
181.0,False,181.0
181.0,False,181.0
181.0,False,181.0
181.0,False,181.0
181.0,False,181.0
181.0,False,181.0
181.0,False,181.0
181.0,False,181.0
181.0,False,181.0
181.0,False,181.0
181.0,False,181.0
181.0,False,181.0
181.0,False,181.0
181.0,False,181.0
181.0,False,181.0
181.0,False,181.0
181.0,False,181.0
180.0,False,180.0
180.0,False,180.0
180.0,False,180.0
179.0,False,179.0
177.0,False,177.0
176.0,False,176.0
176.0,False,176.0
176.0,False,176.0
176.0,False,176.0
176.0,False,176.0
176.0,False,176.0
176.0,False,176.0
176.0,False,176.0
176.0,False,176.0
177.0,False,177.0
177.0,False,177.0
177.0,False,177.0
176.0,False,176.0
176.0,False,176.0
175.0,False,175.0
175.0,False,175.0
175.0,False,175.0
175.0,False,175.0
175.0,False,175.0
175.0,False,175.0
175.0,False,175.0
175.0,False,175.0
175.0,False,175.0
175.0,False,175.0
175.0,False,175.0
176.0,False,176.0
176.0,False,176.0
175.0,False,175.0
175.0,False,175.0
175.0,False,175.0
175.0,False,175.0
173.0,False,173.0
171.0,False,171.0
171.0,False,171.0
171.0,False,171.0
171.0,False,171.0
171.0,False,171.0
171.0,False,171.0
171.0,False,171.0
171.0,False,171.0
172.0,False,172.0
172.0,False,172.0
173.0,False,173.0
173.0,False,173.0
174.0,False,174.0
174.0,False,174.0
174.0,False,174.0
174.0,False,174.0
174.0,False,174.0
174.0,False,174.0
174.0,False,174.0
174.0,False,174.0
174.0,False,174.0
173.0,False,173.0
173.0,False,173.0
173.0,False,173.0
173.0,False,173.0
173.0,False,173.0
173.0,False,173.0
173.0,False,173.0
173.0,False,173.0
173.0,False,173.0
173.0,False,173.0
173.0,False,173.0
172.0,False,172.0
172.0,False,172.0
172.0,False,172.0
172.0,False,172.0
172.0,False,172.0
172.0,False,172.0
172.0,False,172.0
172.0,False,172.0
172.0,False,172.0
173.0,False,173.0
174.0,False,174.0
174.0,False,174.0
175.0,False,175.0
175.0,False,175.0
175.0,False,175.0
175.0,False,175.0
175.0,False,175.0
175.0,False,175.0
176.0,False,176.0
176.0,False,176.0
176.0,False,176.0
176.0,False,176.0
176.0,False,176.0
176.0,False,176.0
176.0,False,176.0
176.0,False,176.0
176.0,False,176.0
177.0,False,177.0
177.0,False,177.0
177.0,False,177.0
177.0,False,177.0
177.0,False,177.0
177.0,False,177.0
177.0,False,177.0
177.0,False,177.0
177.0,False,177.0
177.0,False,177.0
177.0,False,177.0
177.0,False,177.0
177.0,False,177.0
178.0,False,178.0
178.0,False,178.0
178.0,False,178.0
178.0,False,178.0
178.0,False,178.0
178.0,False,178.0
178.0,False,178.0
178.0,False,178.0
178.0,False,178.0
178.0,False,178.0
179.0,False,179.0
179.0,False,179.0
179.0,False,179.0
179.0,False,179.0
179.0,False,179.0
179.0,False,179.0
179.0,False,179.0
179.0,False,179.0
179.0,False,179.0
179.0,False,179.0
179.0,False,179.0
179.0,False,179.0
179.0,False,179.0
179.0,False,179.0
179.0,False,179.0
179.0,False,179.0
179.0,False,179.0
179.0,False,179.0
179.0,False,179.0
179.0,False,179.0
179.0,False,179.0
179.0,False,179.0
179.0,False,179.0
179.0,False,179.0
179.0,False,179.0
180.0,False,180.0
180.0,False,180.0
180.0,False,180.0
180.0,False,180.0
180.0,False,180.0
180.0,False,180.0
180.0,False,180.0
180.0,False,180.0
180.0,False,180.0
180.0,False,180.0
180.0,False,180.0
180.0,False,180.0
180.0,False,180.0
180.0,False,180.0
180.0,False,180.0
181.0,False,181.0
181.0,False,181.0
182.0,False,182.0
182.0,False,182.0
182.0,False,182.0
182.0,False,182.0
182.0,False,182.0
182.0,False,182.0
182.0,False,182.0
183.0,False,183.0
183.0,False,183.0
183.0,False,183.0
183.0,False,183.0
184.0,False,184.0
184.0,False,184.0
184.0,False,184.0
184.0,False,184.0
184.0,False,184.0
184.0,False,184.0
184.0,False,184.0
184.0,False,184.0
184.0,False,184.0
184.0,False,184.0
183.0,False,183.0
183.0,False,183.0
183.0,False,183.0
183.0,False,183.0
183.0,False,183.0
183.0,False,183.0
183.0,False,183.0
183.0,False,183.0
183.0,False,183.0
183.0,False,183.0
183.0,False,183.0
183.0,False,183.0
183.0,False,183.0
183.0,False,183.0
183.0,False,183.0
183.0,False,183.0
183.0,False,183.0
183.0,False,183.0
183.0,False,183.0
183.0,False,183.0
183.0,False,183.0
183.0,False,183.0
183.0,False,183.0
183.0,False,183.0
183.0,False,183.0
183.0,False,183.0
183.0,False,183.0
183.0,False,183.0
184.0,False,184.0
184.0,False,184.0
184.0,False,184.0
184.0,False,184.0
184.0,False,184.0
184.0,False,184.0
184.0,False,184.0
184.0,False,184.0
184.0,False,184.0
184.0,False,184.0
184.0,False,184.0
185.0,False,185.0
185.0,False,185.0
185.0,False,185.0
185.0,False,185.0
184.0,False,184.0
184.0,False,184.0
183.0,False,183.0
183.0,False,183.0
182.0,False,182.0
182.0,False,182.0
182.0,False,182.0
181.0,False,181.0
181.0,False,181.0
181.0,False,181.0
181.0,False,181.0
181.0,False,181.0
181.0,False,181.0
181.0,False,181.0
181.0,False,181.0
181.0,False,181.0
181.0,False,181.0
181.0,False,181.0
181.0,False,181.0
181.0,False,181.0
181.0,False,181.0
180.0,False,180.0
180.0,False,180.0
180.0,False,180.0
180.0,False,180.0
180.0,False,180.0
180.0,False,180.0
180.0,False,180.0
180.0,False,180.0
181.0,False,181.0
181.0,False,181.0
181.0,False,181.0
181.0,False,181.0
181.0,False,181.0
181.0,False,181.0
180.0,False,180.0
180.0,False,180.0
180.0,False,180.0
180.0,False,180.0
180.0,False,180.0
180.0,False,180.0
180.0,False,180.0
180.0,False,180.0
180.0,False,180.0
181.0,False,181.0
181.0,False,181.0
181.0,False,181.0
181.0,False,181.0
181.0,False,181.0
180.0,False,180.0
180.0,False,180.0
180.0,False,180.0
180.0,False,180.0
179.0,False,179.0
179.0,False,179.0
179.0,False,179.0
179.0,False,179.0
179.0,False,179.0
179.0,False,179.0
178.0,False,178.0
178.0,False,178.0
178.0,False,178.0
178.0,False,178.0
178.0,False,178.0
178.0,False,178.0
178.0,False,178.0
178.0,False,178.0
178.0,False,178.0
178.0,False,178.0
178.0,False,178.0
178.0,False,178.0
178.0,False,178.0
178.0,False,178.0
178.0,False,178.0
178.0,False,178.0
178.0,False,178.0
178.0,False,178.0
178.0,False,178.0
178.0,False,178.0
178.0,False,178.0
178.0,False,178.0
178.0,False,178.0
178.0,False,178.0
178.0,False,178.0
178.0,False,178.0
179.0,False,179.0
179.0,False,179.0
179.0,False,179.0
180.0,False,180.0
180.0,False,180.0
181.0,False,181.0
181.0,False,181.0
181.0,False,181.0
182.0,False,182.0
182.0,False,182.0
183.0,False,183.0
183.0,False,183.0
183.0,False,183.0
183.0,False,183.0
183.0,False,183.0
184.0,False,184.0
184.0,False,184.0
184.0,False,184.0
184.0,False,184.0
184.0,False,184.0
184.0,False,184.0
184.0,False,184.0
184.0,False,184.0
184.0,False,184.0
184.0,False,184.0
184.0,False,184.0
184.0,False,184.0
184.0,False,184.0
184.0,False,184.0
184.0,False,184.0
184.0,False,184.0
184.0,False,184.0
184.0,False,184.0
184.0,False,184.0
185.0,False,185.0
185.0,False,185.0
185.0,False,185.0
185.0,False,185.0
185.0,False,185.0
185.0,False,185.0
185.0,False,185.0
185.0,False,185.0
185.0,False,185.0
185.0,False,185.0
184.0,False,184.0
184.0,False,184.0
184.0,False,184.0
184.0,False,184.0
184.0,False,184.0
184.0,False,184.0
184.0,False,184.0
184.0,False,184.0
184.0,False,184.0
184.0,False,184.0
184.0,False,184.0
184.0,False,184.0
185.0,False,185.0
185.0,False,185.0
185.0,False,185.0
185.0,False,185.0
185.0,False,185.0
185.0,False,185.0
185.0,False,185.0
185.0,False,185.0
184.0,False,184.0
184.0,False,184.0
184.0,False,184.0
184.0,False,184.0
184.0,False,184.0
184.0,False,184.0
184.0,False,184.0
184.0,False,184.0
184.0,False,184.0
183.0,False,183.0
183.0,False,183.0
183.0,False,183.0
183.0,False,183.0
183.0,False,183.0
183.0,False,183.0
183.0,False,183.0
183.0,False,183.0
183.0,False,183.0
183.0,False,183.0
183.0,False,183.0
183.0,False,183.0
184.0,False,184.0
184.0,False,184.0
184.0,False,184.0
184.0,False,184.0
183.0,False,183.0
183.0,False,183.0
183.0,False,183.0
183.0,False,183.0
183.0,False,183.0
183.0,False,183.0
183.0,False,183.0
183.0,False,183.0
183.0,False,183.0
183.0,False,183.0
183.0,False,183.0
183.0,False,183.0
182.0,False,182.0
182.0,False,182.0
182.0,False,182.0
182.0,False,182.0
182.0,False,182.0
182.0,False,182.0
182.0,False,182.0
182.0,False,182.0
182.0,False,182.0
182.0,False,182.0
182.0,False,182.0
182.0,False,182.0
182.0,False,182.0
182.0,False,182.0
182.0,False,182.0
182.0,False,182.0
182.0,False,182.0
182.0,False,182.0
182.0,False,182.0
182.0,False,182.0
182.0,False,182.0
182.0,False,182.0
182.0,False,182.0
182.0,False,182.0
182.0,False,182.0
182.0,False,182.0
181.0,False,181.0
181.0,False,181.0
181.0,False,181.0
181.0,False,181.0
181.0,False,181.0
181.0,False,181.0
181.0,False,181.0
181.0,False,181.0
181.0,False,181.0
181.0,False,181.0
181.0,False,181.0
181.0,False,181.0
181.0,False,181.0
181.0,False,181.0
181.0,False,181.0
181.0,False,181.0
181.0,False,181.0
181.0,False,181.0
181.0,False,181.0
181.0,False,181.0
181.0,False,181.0
181.0,False,181.0
181.0,False,181.0
181.0,False,181.0
180.0,False,180.0
180.0,False,180.0
179.0,False,179.0
179.0,False,179.0
179.0,False,179.0
179.0,False,179.0
178.0,False,178.0
177.0,False,177.0
177.0,False,177.0
176.0,False,176.0
175.0,False,175.0
174.0,False,174.0
173.0,False,173.0
172.0,False,172.0
171.0,False,171.0
170.0,False,170.0
170.0,False,170.0
170.0,False,170.0
170.0,False,170.0
170.0,False,170.0
170.0,False,170.0
170.0,False,170.0
170.0,False,170.0
170.0,False,170.0
168.0,False,168.0
167.0,False,167.0
166.0,False,166.0
165.0,False,165.0
165.0,False,165.0
165.0,False,165.0
165.0,False,165.0
165.0,False,165.0
165.0,False,165.0
165.0,False,165.0
165.0,False,165.0
165.0,False,165.0
165.0,False,165.0
165.0,False,165.0
165.0,False,165.0
164.0,False,164.0
163.0,False,163.0
163.0,False,163.0
163.0,False,163.0
163.0,False,163.0
163.0,False,163.0
163.0,False,163.0
163.0,False,163.0
163.0,False,163.0
163.0,False,163.0
163.0,False,163.0
163.0,False,163.0
163.0,False,163.0
164.0,False,164.0
164.0,False,164.0
167.0,False,167.0
170.0,False,170.0
172.0,False,172.0
173.0,False,173.0
174.0,False,174.0
174.0,False,174.0
175.0,False,175.0
175.0,False,175.0
175.0,False,175.0
176.0,False,176.0
176.0,False,176.0
176.0,False,176.0
177.0,False,177.0
177.0,False,177.0
177.0,False,177.0
177.0,False,177.0
177.0,False,177.0
177.0,False,177.0
177.0,False,177.0
177.0,False,177.0
176.0,False,176.0
176.0,False,176.0
176.0,False,176.0
176.0,False,176.0
175.0,False,175.0
175.0,False,175.0
174.0,False,174.0
174.0,False,174.0
174.0,False,174.0
174.0,False,174.0
174.0,False,174.0
174.0,False,174.0
174.0,False,174.0
174.0,False,174.0
174.0,False,174.0
174.0,False,174.0
174.0,False,174.0
174.0,False,174.0
174.0,False,174.0
175.0,False,175.0
176.0,False,176.0
177.0,False,177.0
177.0,False,177.0
177.0,False,177.0
177.0,False,177.0
178.0,False,178.0
178.0,False,178.0
178.0,False,178.0
178.0,False,178.0
178.0,False,178.0
178.0,False,178.0
178.0,False,178.0
177.0,False,177.0
176.0,False,176.0
175.0,False,175.0
175.0,False,175.0
173.0,False,173.0
170.0,False,170.0
169.0,False,169.0
169.0,False,169.0
169.0,False,169.0
169.0,False,169.0
169.0,False,169.0
169.0,False,169.0
169.0,False,169.0
170.0,False,170.0
172.0,False,172.0
174.0,False,174.0
175.0,False,175.0
176.0,False,176.0
177.0,False,177.0
177.0,False,177.0
178.0,False,178.0
178.0,False,178.0
179.0,False,179.0
179.0,False,179.0
179.0,False,179.0
180.0,False,180.0
180.0,False,180.0
180.0,False,180.0
180.0,False,180.0
181.0,False,181.0
181.0,False,181.0
181.0,False,181.0
181.0,False,181.0
181.0,False,181.0
180.0,False,180.0
180.0,False,180.0
180.0,False,180.0
180.0,False,180.0
180.0,False,180.0
180.0,False,180.0
179.0,False,179.0
179.0,False,179.0
179.0,False,179.0
178.0,False,178.0
178.0,False,178.0
178.0,False,178.0
178.0,False,178.0
178.0,False,178.0
178.0,False,178.0
177.0,False,177.0
177.0,False,177.0
176.0,False,176.0
176.0,False,176.0
176.0,False,176.0
176.0,False,176.0
176.0,False,176.0
176.0,False,176.0
176.0,False,176.0
176.0,False,176.0
176.0,False,176.0
177.0,False,177.0
177.0,False,177.0
177.0,False,177.0
177.0,False,177.0
177.0,False,177.0
178.0,False,178.0
178.0,False,178.0
178.0,False,178.0
178.0,False,178.0
178.0,False,178.0
178.0,False,178.0
178.0,False,178.0
178.0,False,178.0
178.0,False,178.0
178.0,False,178.0
178.0,False,178.0
178.0,False,178.0
178.0,False,178.0
178.0,False,178.0
178.0,False,178.0
178.0,False,178.0
178.0,False,178.0
178.0,False,178.0
177.0,False,177.0
177.0,False,177.0
177.0,False,177.0
177.0,False,177.0
177.0,False,177.0
177.0,False,177.0
177.0,False,177.0
177.0,False,177.0
177.0,False,177.0
177.0,False,177.0
177.0,False,177.0
177.0,False,177.0
177.0,False,177.0
177.0,False,177.0
177.0,False,177.0
177.0,False,177.0
177.0,False,177.0
177.0,False,177.0
177.0,False,177.0
176.0,False,176.0
176.0,False,176.0
175.0,False,175.0
174.0,False,174.0
173.0,False,173.0
173.0,False,173.0
172.0,False,172.0
172.0,False,172.0
172.0,False,172.0
171.0,False,171.0
171.0,False,171.0
171.0,False,171.0
171.0,False,171.0
171.0,False,171.0
171.0,False,171.0
171.0,False,171.0
171.0,False,171.0
171.0,False,171.0
171.0,False,171.0
172.0,False,172.0
173.0,False,173.0
174.0,False,174.0
174.0,False,174.0
174.0,False,174.0
174.0,False,174.0
174.0,False,174.0
174.0,False,174.0
174.0,False,174.0
175.0,False,175.0
176.0,False,176.0
176.0,False,176.0
177.0,False,177.0
177.0,False,177.0
177.0,False,177.0
177.0,False,177.0
177.0,False,177.0
177.0,False,177.0
178.0,False,178.0
178.0,False,178.0
178.0,False,178.0
178.0,False,178.0
178.0,False,178.0
178.0,False,178.0
178.0,False,178.0
178.0,False,178.0
178.0,False,178.0
178.0,False,178.0
178.0,False,178.0
178.0,False,178.0
178.0,False,178.0
178.0,False,178.0
178.0,False,178.0
178.0,False,178.0
178.0,False,178.0
178.0,False,178.0
178.0,False,178.0
178.0,False,178.0
178.0,False,178.0
178.0,False,178.0
178.0,False,178.0
178.0,False,178.0
178.0,False,178.0
179.0,False,179.0
179.0,False,179.0
179.0,False,179.0
179.0,False,179.0
179.0,False,179.0
179.0,False,179.0
179.0,False,179.0
179.0,False,179.0
180.0,False,180.0
180.0,False,180.0
180.0,False,180.0
180.0,False,180.0
180.0,False,180.0
180.0,False,180.0
180.0,False,180.0
181.0,False,181.0
181.0,False,181.0
181.0,False,181.0
181.0,False,181.0
181.0,False,181.0
181.0,False,181.0
181.0,False,181.0
181.0,False,181.0
181.0,False,181.0
181.0,False,181.0
181.0,False,181.0
181.0,False,181.0
181.0,False,181.0
181.0,False,181.0
181.0,False,181.0
181.0,False,181.0
181.0,False,181.0
181.0,False,181.0
180.0,False,180.0
180.0,False,180.0
179.0,False,179.0
179.0,False,179.0
178.0,False,178.0
178.0,False,178.0
177.0,False,177.0
176.0,False,176.0
174.0,False,174.0
173.0,False,173.0
173.0,False,173.0
172.0,False,172.0
171.0,False,171.0
169.0,False,169.0
169.0,False,169.0
167.0,False,167.0
165.0,False,165.0
164.0,False,164.0
164.0,False,164.0
164.0,False,164.0
164.0,False,164.0
163.0,False,163.0
163.0,False,163.0
163.0,False,163.0
163.0,False,163.0
163.0,False,163.0
163.0,False,163.0
163.0,False,163.0
163.0,False,163.0
163.0,False,163.0
163.0,False,163.0
164.0,False,164.0
164.0,False,164.0
164.0,False,164.0
164.0,False,164.0
164.0,False,164.0
165.0,False,165.0
167.0,False,167.0
170.0,False,170.0
170.0,False,170.0
170.0,False,170.0
170.0,False,170.0
170.0,False,170.0
169.0,False,169.0
168.0,False,168.0
168.0,False,168.0
168.0,False,168.0
168.0,False,168.0
168.0,False,168.0
168.0,False,168.0
168.0,False,168.0
168.0,False,168.0
168.0,False,168.0
168.0,False,168.0
168.0,False,168.0
169.0,False,169.0
169.0,False,169.0
169.0,False,169.0
169.0,False,169.0
169.0,False,169.0
169.0,False,169.0
166.0,False,166.0
165.0,False,165.0
165.0,False,165.0
165.0,False,165.0
165.0,False,165.0
165.0,False,165.0
163.0,False,163.0
163.0,False,163.0
163.0,False,163.0
163.0,False,163.0
164.0,False,164.0
164.0,False,164.0
164.0,False,164.0
164.0,False,164.0
164.0,False,164.0
164.0,False,164.0
165.0,False,165.0
167.0,False,167.0
169.0,False,169.0
171.0,False,171.0
172.0,False,172.0
172.0,False,172.0
172.0,False,172.0
172.0,False,172.0
172.0,False,172.0
173.0,False,173.0
173.0,False,173.0
173.0,False,173.0
173.0,False,173.0
173.0,False,173.0
173.0,False,173.0
173.0,False,173.0
174.0,False,174.0
175.0,False,175.0
176.0,False,176.0
177.0,False,177.0
178.0,False,178.0
178.0,False,178.0
178.0,False,178.0
179.0,False,179.0
179.0,False,179.0
179.0,False,179.0
179.0,False,179.0
179.0,False,179.0
179.0,False,179.0
179.0,False,179.0
179.0,False,179.0
179.0,False,179.0
179.0,False,179.0
179.0,False,179.0
177.0,False,177.0
175.0,False,175.0
175.0,False,175.0
173.0,False,173.0
171.0,False,171.0
169.0,False,169.0
166.0,False,166.0
167.0,False,167.0
166.0,False,166.0
165.0,False,165.0
164.0,False,164.0
162.0,False,162.0
162.0,False,162.0
162.0,False,162.0
162.0,False,162.0
162.0,False,162.0
162.0,False,162.0
162.0,False,162.0
162.0,False,162.0
162.0,False,162.0
162.0,False,162.0
163.0,False,163.0
163.0,False,163.0
163.0,False,163.0
163.0,False,163.0
163.0,False,163.0
163.0,False,163.0
164.0,False,164.0
164.0,False,164.0
165.0,False,165.0
165.0,False,165.0
166.0,False,166.0
166.0,False,166.0
167.0,False,167.0
168.0,False,168.0
168.0,False,168.0
168.0,False,168.0
168.0,False,168.0
171.0,False,171.0
171.0,False,171.0
171.0,False,171.0
172.0,False,172.0
171.0,False,171.0
171.0,False,171.0
171.0,False,171.0
169.0,False,169.0
167.0,False,167.0
165.0,False,165.0
164.0,False,164.0
163.0,False,163.0
161.0,False,161.0
160.0,False,160.0
160.0,False,160.0
160.0,False,160.0
160.0,False,160.0
160.0,False,160.0
160.0,False,160.0
160.0,False,160.0
160.0,False,160.0
160.0,False,160.0
160.0,False,160.0
160.0,False,160.0
160.0,False,160.0
160.0,False,160.0
160.0,False,160.0
160.0,False,160.0
163.0,False,163.0
166.0,False,166.0
169.0,False,169.0
171.0,False,171.0
172.0,False,172.0
173.0,False,173.0
173.0,False,173.0
174.0,False,174.0
174.0,False,174.0
174.0,False,174.0
174.0,False,174.0
174.0,False,174.0
174.0,False,174.0
174.0,False,174.0
174.0,False,174.0
174.0,False,174.0
174.0,False,174.0
174.0,False,174.0
174.0,False,174.0
174.0,False,174.0
174.0,False,174.0
173.0,False,173.0
173.0,False,173.0
171.0,False,171.0
169.0,False,169.0
167.0,False,167.0
164.0,False,164.0
164.0,False,164.0
164.0,False,164.0
164.0,False,164.0
164.0,False,164.0
164.0,False,164.0
164.0,False,164.0
164.0,False,164.0
165.0,False,165.0
165.0,False,165.0
165.0,False,165.0
161.0,False,161.0
158.0,False,158.0
158.0,False,158.0
157.0,False,157.0
156.0,False,156.0
154.0,False,154.0
153.0,False,153.0
153.0,False,153.0
153.0,False,153.0
153.0,False,153.0
153.0,False,153.0
153.0,False,153.0
153.0,False,153.0
153.0,False,153.0
153.0,False,153.0
153.0,False,153.0
153.0,False,153.0
153.0,False,153.0
153.0,False,153.0
153.0,False,153.0
153.0,False,153.0
153.0,False,153.0
153.0,False,153.0
153.0,False,153.0
155.0,False,155.0
156.0,False,156.0
157.0,False,157.0
158.0,False,158.0
158.0,False,158.0
160.0,False,160.0
161.0,False,161.0
162.0,False,162.0
162.0,False,162.0
164.0,False,164.0
164.0,False,164.0
164.0,False,164.0
164.0,False,164.0
164.0,False,164.0
167.0,False,167.0
168.0,False,168.0
170.0,False,170.0
170.0,False,170.0
171.0,False,171.0
173.0,False,173.0
174.0,False,174.0
175.0,False,175.0
177.0,False,177.0
178.0,False,178.0
179.0,False,179.0
180.0,False,180.0
180.0,False,180.0
181.0,False,181.0
181.0,False,181.0
181.0,False,181.0
181.0,False,181.0
179.0,False,179.0
176.0,False,176.0
174.0,False,174.0
170.0,False,170.0
171.0,False,171.0
168.0,False,168.0
167.0,False,167.0
167.0,False,167.0
167.0,False,167.0
167.0,False,167.0
167.0,False,167.0
167.0,False,167.0
167.0,False,167.0
167.0,False,167.0
167.0,False,167.0
168.0,False,168.0
168.0,False,168.0
168.0,False,168.0
170.0,False,170.0
172.0,False,172.0
173.0,False,173.0
174.0,False,174.0
175.0,False,175.0
176.0,False,176.0
176.0,False,176.0
176.0,False,176.0
176.0,False,176.0
176.0,False,176.0
176.0,False,176.0
176.0,False,176.0
176.0,False,176.0
175.0,False,175.0
174.0,False,174.0
173.0,False,173.0
173.0,False,173.0
173.0,False,173.0
172.0,False,172.0
172.0,False,172.0
171.0,False,171.0
169.0,False,169.0
167.0,False,167.0
167.0,False,167.0
167.0,False,167.0
167.0,False,167.0
167.0,False,167.0
167.0,False,167.0
167.0,False,167.0
167.0,False,167.0
168.0,False,168.0
168.0,False,168.0
168.0,False,168.0
168.0,False,168.0
168.0,False,168.0
168.0,False,168.0
168.0,False,168.0
168.0,False,168.0
171.0,False,171.0
172.0,False,172.0
174.0,False,174.0
176.0,False,176.0
177.0,False,177.0
177.0,False,177.0
177.0,False,177.0
177.0,False,177.0
177.0,False,177.0
178.0,False,178.0
178.0,False,178.0
178.0,False,178.0
178.0,False,178.0
178.0,False,178.0
178.0,False,178.0
178.0,False,178.0
178.0,False,178.0
178.0,False,178.0
178.0,False,178.0
177.0,False,177.0
177.0,False,177.0
177.0,False,177.0
177.0,False,177.0
177.0,False,177.0
176.0,False,176.0
174.0,False,174.0
173.0,False,173.0
172.0,False,172.0
171.0,False,171.0
169.0,False,169.0
169.0,False,169.0
168.0,False,168.0
168.0,False,168.0
168.0,False,168.0
168.0,False,168.0
168.0,False,168.0
167.0,False,167.0
167.0,False,167.0
167.0,False,167.0
165.0,False,165.0
165.0,False,165.0
162.0,False,162.0
159.0,False,159.0
157.0,False,157.0
157.0,False,157.0
157.0,False,157.0
157.0,False,157.0
157.0,False,157.0
157.0,False,157.0
157.0,False,157.0
157.0,False,157.0
158.0,False,158.0
159.0,False,159.0
159.0,False,159.0
160.0,False,160.0
163.0,False,163.0
166.0,False,166.0
169.0,False,169.0
171.0,False,171.0
171.0,False,171.0
171.0,False,171.0
171.0,False,171.0
171.0,False,171.0
174.0,False,174.0
176.0,False,176.0
178.0,False,178.0
178.0,False,178.0
178.0,False,178.0
178.0,False,178.0
178.0,False,178.0
178.0,False,178.0
178.0,False,178.0
178.0,False,178.0
178.0,False,178.0
179.0,False,179.0
179.0,False,179.0
179.0,False,179.0
176.0,False,176.0
173.0,False,173.0
169.0,False,169.0
165.0,False,165.0
163.0,False,163.0
161.0,False,161.0
161.0,False,161.0
161.0,False,161.0
161.0,False,161.0
161.0,False,161.0
161.0,False,161.0
161.0,False,161.0
161.0,False,161.0
162.0,False,162.0
165.0,False,165.0
169.0,False,169.0
173.0,False,173.0
176.0,False,176.0
178.0,False,178.0
180.0,False,180.0
181.0,False,181.0
181.0,False,181.0
182.0,False,182.0
182.0,False,182.0
182.0,False,182.0
182.0,False,182.0
183.0,False,183.0
183.0,False,183.0
183.0,False,183.0
183.0,False,183.0
183.0,False,183.0
183.0,False,183.0
183.0,False,183.0
183.0,False,183.0
183.0,False,183.0
183.0,False,183.0
183.0,False,183.0
183.0,False,183.0
183.0,False,183.0
183.0,False,183.0
183.0,False,183.0
183.0,False,183.0
183.0,False,183.0
183.0,False,183.0
183.0,False,183.0
183.0,False,183.0
183.0,False,183.0
183.0,False,183.0
183.0,False,183.0
183.0,False,183.0
183.0,False,183.0
183.0,False,183.0
183.0,False,183.0
183.0,False,183.0
183.0,False,183.0
183.0,False,183.0
183.0,False,183.0
183.0,False,183.0
183.0,False,183.0
183.0,False,183.0
183.0,False,183.0
183.0,False,183.0
183.0,False,183.0
183.0,False,183.0
183.0,False,183.0
183.0,False,183.0
183.0,False,183.0
183.0,False,183.0
183.0,False,183.0
182.0,False,182.0
182.0,False,182.0
182.0,False,182.0
182.0,False,182.0
182.0,False,182.0
182.0,False,182.0
182.0,False,182.0
180.0,False,180.0
179.0,False,179.0
178.0,False,178.0
177.0,False,177.0
175.0,False,175.0
174.0,False,174.0
174.0,False,174.0
173.0,False,173.0
171.0,False,171.0
170.0,False,170.0
170.0,False,170.0
170.0,False,170.0
170.0,False,170.0
170.0,False,170.0
169.0,False,169.0
169.0,False,169.0
168.0,False,168.0
168.0,False,168.0
168.0,False,168.0
168.0,False,168.0
168.0,False,168.0
168.0,False,168.0
166.0,False,166.0
165.0,False,165.0
164.0,False,164.0
163.0,False,163.0
163.0,False,163.0
163.0,False,163.0
163.0,False,163.0
163.0,False,163.0
163.0,False,163.0
163.0,False,163.0
163.0,False,163.0
163.0,False,163.0
163.0,False,163.0
163.0,False,163.0
164.0,False,164.0
164.0,False,164.0
164.0,False,164.0
164.0,False,164.0
164.0,False,164.0
164.0,False,164.0
164.0,False,164.0
164.0,False,164.0
164.0,False,164.0
164.0,False,164.0
164.0,False,164.0
165.0,False,165.0
168.0,False,168.0
171.0,False,171.0
173.0,False,173.0
174.0,False,174.0
175.0,False,175.0
176.0,False,176.0
176.0,False,176.0
176.0,False,176.0
177.0,False,177.0
178.0,False,178.0
179.0,False,179.0
180.0,False,180.0
181.0,False,181.0
181.0,False,181.0
181.0,False,181.0
182.0,False,182.0
182.0,False,182.0
182.0,False,182.0
181.0,False,181.0
181.0,False,181.0
181.0,False,181.0
181.0,False,181.0
181.0,False,181.0
181.0,False,181.0
181.0,False,181.0
181.0,False,181.0
181.0,False,181.0
180.0,False,180.0
180.0,False,180.0
180.0,False,180.0
180.0,False,180.0
180.0,False,180.0
180.0,False,180.0
180.0,False,180.0
180.0,False,180.0
180.0,False,180.0
180.0,False,180.0
180.0,False,180.0
180.0,False,180.0
180.0,False,180.0
180.0,False,180.0
181.0,False,181.0
181.0,False,181.0
181.0,False,181.0
181.0,False,181.0
181.0,False,181.0
182.0,False,182.0
182.0,False,182.0
182.0,False,182.0
182.0,False,182.0
182.0,False,182.0
182.0,False,182.0
182.0,False,182.0
182.0,False,182.0
182.0,False,182.0
182.0,False,182.0
182.0,False,182.0
181.0,False,181.0
180.0,False,180.0
179.0,False,179.0
179.0,False,179.0
179.0,False,179.0
178.0,False,178.0
178.0,False,178.0
178.0,False,178.0
178.0,False,178.0
178.0,False,178.0
178.0,False,178.0
177.0,False,177.0
177.0,False,177.0
177.0,False,177.0
176.0,False,176.0
176.0,False,176.0
175.0,False,175.0
175.0,False,175.0
175.0,False,175.0
175.0,False,175.0
174.0,False,174.0
173.0,False,173.0
173.0,False,173.0
173.0,False,173.0
172.0,False,172.0
171.0,False,171.0
171.0,False,171.0
171.0,False,171.0
171.0,False,171.0
171.0,False,171.0
171.0,False,171.0
171.0,False,171.0
171.0,False,171.0
172.0,False,172.0
173.0,False,173.0
173.0,False,173.0
174.0,False,174.0
174.0,False,174.0
174.0,False,174.0
174.0,False,174.0
175.0,False,175.0
175.0,False,175.0
177.0,False,177.0
178.0,False,178.0
179.0,False,179.0
180.0,False,180.0
180.0,False,180.0
181.0,False,181.0
182.0,False,182.0
183.0,False,183.0
184.0,False,184.0
184.0,False,184.0
184.0,False,184.0
183.0,False,183.0
183.0,False,183.0
183.0,False,183.0
183.0,False,183.0
183.0,False,183.0
183.0,False,183.0
183.0,False,183.0
183.0,False,183.0
183.0,False,183.0
182.0,False,182.0
182.0,False,182.0
182.0,False,182.0
182.0,False,182.0
182.0,False,182.0
181.0,False,181.0
181.0,False,181.0
181.0,False,181.0
181.0,False,181.0
181.0,False,181.0
181.0,False,181.0
181.0,False,181.0
180.0,False,180.0
180.0,False,180.0
180.0,False,180.0
180.0,False,180.0
180.0,False,180.0
180.0,False,180.0
180.0,False,180.0
180.0,False,180.0
180.0,False,180.0
180.0,False,180.0
180.0,False,180.0
180.0,False,180.0
180.0,False,180.0
180.0,False,180.0
179.0,False,179.0
179.0,False,179.0
179.0,False,179.0
179.0,False,179.0
179.0,False,179.0
179.0,False,179.0
179.0,False,179.0
179.0,False,179.0
180.0,False,180.0
180.0,False,180.0
180.0,False,180.0
180.0,False,180.0
180.0,False,180.0
180.0,False,180.0
180.0,False,180.0
180.0,False,180.0
180.0,False,180.0
180.0,False,180.0
181.0,False,181.0
181.0,False,181.0
181.0,False,181.0
182.0,False,182.0
182.0,False,182.0
180.0,False,180.0
180.0,False,180.0
180.0,False,180.0
181.0,False,181.0
182.0,False,182.0
182.0,False,182.0
182.0,False,182.0
182.0,False,182.0
182.0,False,182.0
182.0,False,182.0
182.0,False,182.0
182.0,False,182.0
180.0,False,180.0
177.0,False,177.0
174.0,False,174.0
171.0,False,171.0
170.0,False,170.0
170.0,False,170.0
170.0,False,170.0
170.0,False,170.0
170.0,False,170.0
170.0,False,170.0
170.0,False,170.0
170.0,False,170.0
173.0,False,173.0
177.0,False,177.0
180.0,False,180.0
182.0,False,182.0
184.0,False,184.0
184.0,False,184.0
184.0,False,184.0
184.0,False,184.0
184.0,False,184.0
184.0,False,184.0
184.0,False,184.0
184.0,False,184.0
184.0,False,184.0
184.0,False,184.0
184.0,False,184.0
183.0,False,183.0
183.0,False,183.0
183.0,False,183.0
182.0,False,182.0
182.0,False,182.0
182.0,False,182.0
182.0,False,182.0
182.0,False,182.0
182.0,False,182.0
182.0,False,182.0
182.0,False,182.0
182.0,False,182.0
182.0,False,182.0
182.0,False,182.0
182.0,False,182.0
182.0,False,182.0
182.0,False,182.0
181.0,False,181.0
181.0,False,181.0
181.0,False,181.0
181.0,False,181.0
181.0,False,181.0
181.0,False,181.0
181.0,False,181.0
181.0,False,181.0
181.0,False,181.0
181.0,False,181.0
180.0,False,180.0
180.0,False,180.0
180.0,False,180.0
180.0,False,180.0
180.0,False,180.0
179.0,False,179.0
179.0,False,179.0
179.0,False,179.0
179.0,False,179.0
179.0,False,179.0
179.0,False,179.0
179.0,False,179.0
179.0,False,179.0
179.0,False,179.0
179.0,False,179.0
179.0,False,179.0
178.0,False,178.0
178.0,False,178.0
178.0,False,178.0
178.0,False,178.0
178.0,False,178.0
178.0,False,178.0
178.0,False,178.0
178.0,False,178.0
178.0,False,178.0
178.0,False,178.0
178.0,False,178.0
178.0,False,178.0
178.0,False,178.0
178.0,False,178.0
178.0,False,178.0
178.0,False,178.0
178.0,False,178.0
178.0,False,178.0
178.0,False,178.0
178.0,False,178.0
178.0,False,178.0
178.0,False,178.0
178.0,False,178.0
178.0,False,178.0
178.0,False,178.0
178.0,False,178.0
178.0,False,178.0
178.0,False,178.0
178.0,False,178.0
178.0,False,178.0
178.0,False,178.0
178.0,False,178.0
178.0,False,178.0
178.0,False,178.0
178.0,False,178.0
178.0,False,178.0
178.0,False,178.0
178.0,False,178.0
178.0,False,178.0
178.0,False,178.0
178.0,False,178.0
177.0,False,177.0
177.0,False,177.0
176.0,False,176.0
176.0,False,176.0
176.0,False,176.0
175.0,False,175.0
174.0,False,174.0
174.0,False,174.0
173.0,False,173.0
172.0,False,172.0
171.0,False,171.0
171.0,False,171.0
170.0,False,170.0
170.0,False,170.0
170.0,False,170.0
169.0,False,169.0
168.0,False,168.0
168.0,False,168.0
168.0,False,168.0
168.0,False,168.0
168.0,False,168.0
166.0,False,166.0
166.0,False,166.0
166.0,False,166.0
166.0,False,166.0
166.0,False,166.0
166.0,False,166.0
166.0,False,166.0
166.0,False,166.0
166.0,False,166.0
166.0,False,166.0
167.0,False,167.0
167.0,False,167.0
167.0,False,167.0
167.0,False,167.0
167.0,False,167.0
167.0,False,167.0
167.0,False,167.0
170.0,False,170.0
173.0,False,173.0
174.0,False,174.0
178.0,False,178.0
181.0,False,181.0
181.0,False,181.0
182.0,False,182.0
183.0,False,183.0
183.0,False,183.0
184.0,False,184.0
185.0,False,185.0
185.0,False,185.0
186.0,False,186.0
186.0,False,186.0
186.0,False,186.0
185.0,False,185.0
185.0,False,185.0
185.0,False,185.0
184.0,False,184.0
184.0,False,184.0
183.0,False,183.0
183.0,False,183.0
183.0,False,183.0
182.0,False,182.0
181.0,False,181.0
180.0,False,180.0
180.0,False,180.0
179.0,False,179.0
178.0,False,178.0
177.0,False,177.0
177.0,False,177.0
176.0,False,176.0
176.0,False,176.0
176.0,False,176.0
176.0,False,176.0
176.0,False,176.0
175.0,False,175.0
174.0,False,174.0
173.0,False,173.0
172.0,False,172.0
171.0,False,171.0
170.0,False,170.0
170.0,False,170.0
170.0,False,170.0
170.0,False,170.0
170.0,False,170.0
170.0,False,170.0
170.0,False,170.0
170.0,False,170.0
171.0,False,171.0
171.0,False,171.0
171.0,False,171.0
171.0,False,171.0
171.0,False,171.0
171.0,False,171.0
171.0,False,171.0
171.0,False,171.0
171.0,False,171.0
171.0,False,171.0
171.0,False,171.0
171.0,False,171.0
172.0,False,172.0
172.0,False,172.0
172.0,False,172.0
172.0,False,172.0
172.0,False,172.0
172.0,False,172.0
173.0,False,173.0
173.0,False,173.0
173.0,False,173.0
173.0,False,173.0
174.0,False,174.0
174.0,False,174.0
175.0,False,175.0
175.0,False,175.0
175.0,False,175.0
175.0,False,175.0
176.0,False,176.0
176.0,False,176.0
176.0,False,176.0
176.0,False,176.0
176.0,False,176.0
176.0,False,176.0
176.0,False,176.0
176.0,False,176.0
176.0,False,176.0
176.0,False,176.0
176.0,False,176.0
176.0,False,176.0
176.0,False,176.0
176.0,False,176.0
176.0,False,176.0
176.0,False,176.0
176.0,False,176.0
176.0,False,176.0
176.0,False,176.0
176.0,False,176.0
176.0,False,176.0
177.0,False,177.0
177.0,False,177.0
177.0,False,177.0
177.0,False,177.0
177.0,False,177.0
176.0,False,176.0
176.0,False,176.0
177.0,False,177.0
177.0,False,177.0
177.0,False,177.0
177.0,False,177.0
176.0,False,176.0
176.0,False,176.0
176.0,False,176.0
176.0,False,176.0
176.0,False,176.0
176.0,False,176.0
176.0,False,176.0
176.0,False,176.0
176.0,False,176.0
176.0,False,176.0
176.0,False,176.0
176.0,False,176.0
176.0,False,176.0
176.0,False,176.0
176.0,False,176.0
176.0,False,176.0
177.0,False,177.0
178.0,False,178.0
179.0,False,179.0
180.0,False,180.0
180.0,False,180.0
182.0,False,182.0
183.0,False,183.0
184.0,False,184.0
184.0,False,184.0
184.0,False,184.0
184.0,False,184.0
184.0,False,184.0
185.0,False,185.0
185.0,False,185.0
186.0,False,186.0
187.0,False,187.0
187.0,False,187.0
187.0,False,187.0
186.0,False,186.0
186.0,False,186.0
186.0,False,186.0
184.0,False,184.0
184.0,False,184.0
184.0,False,184.0
184.0,False,184.0
184.0,False,184.0
184.0,False,184.0
184.0,False,184.0
184.0,False,184.0
184.0,False,184.0
184.0,False,184.0
184.0,False,184.0
183.0,False,183.0
180.0,False,180.0
177.0,False,177.0
174.0,False,174.0
172.0,False,172.0
171.0,False,171.0
171.0,False,171.0
171.0,False,171.0
171.0,False,171.0
171.0,False,171.0
171.0,False,171.0
171.0,False,171.0
172.0,False,172.0
175.0,False,175.0
177.0,False,177.0
177.0,False,177.0
177.0,False,177.0
177.0,False,177.0
176.0,False,176.0
175.0,False,175.0
175.0,False,175.0
173.0,False,173.0
173.0,False,173.0
173.0,False,173.0
173.0,False,173.0
172.0,False,172.0
172.0,False,172.0
172.0,False,172.0
172.0,False,172.0
172.0,False,172.0
171.0,False,171.0
171.0,False,171.0
171.0,False,171.0
171.0,False,171.0
171.0,False,171.0
171.0,False,171.0
171.0,False,171.0
172.0,False,172.0
172.0,False,172.0
175.0,False,175.0
175.0,False,175.0
175.0,False,175.0
175.0,False,175.0
174.0,False,174.0
171.0,False,171.0
171.0,False,171.0
171.0,False,171.0
171.0,False,171.0
171.0,False,171.0
171.0,False,171.0
171.0,False,171.0
171.0,False,171.0
171.0,False,171.0
173.0,False,173.0
176.0,False,176.0
179.0,False,179.0
182.0,False,182.0
184.0,False,184.0
187.0,False,187.0
188.0,False,188.0
189.0,False,189.0
189.0,False,189.0
189.0,False,189.0
189.0,False,189.0
189.0,False,189.0
188.0,False,188.0
188.0,False,188.0
187.0,False,187.0
187.0,False,187.0
186.0,False,186.0
186.0,False,186.0
185.0,False,185.0
185.0,False,185.0
185.0,False,185.0
185.0,False,185.0
184.0,False,184.0
182.0,False,182.0
182.0,False,182.0
182.0,False,182.0
182.0,False,182.0
182.0,False,182.0
181.0,False,181.0
178.0,False,178.0
178.0,False,178.0
178.0,False,178.0
178.0,False,178.0
178.0,False,178.0
178.0,False,178.0
178.0,False,178.0
178.0,False,178.0
179.0,False,179.0
180.0,False,180.0
181.0,False,181.0
181.0,False,181.0
181.0,False,181.0
181.0,False,181.0
181.0,False,181.0
181.0,False,181.0
181.0,False,181.0
181.0,False,181.0
181.0,False,181.0
181.0,False,181.0
181.0,False,181.0
180.0,False,180.0
180.0,False,180.0
180.0,False,180.0
179.0,False,179.0
179.0,False,179.0
179.0,False,179.0
179.0,False,179.0
179.0,False,179.0
179.0,False,179.0
179.0,False,179.0
179.0,False,179.0
179.0,False,179.0
178.0,False,178.0
178.0,False,178.0
178.0,False,178.0
178.0,False,178.0
178.0,False,178.0
178.0,False,178.0
178.0,False,178.0
178.0,False,178.0
178.0,False,178.0
178.0,False,178.0
178.0,False,178.0
178.0,False,178.0
178.0,False,178.0
178.0,False,178.0
178.0,False,178.0
178.0,False,178.0
178.0,False,178.0
177.0,False,177.0
177.0,False,177.0
177.0,False,177.0
177.0,False,177.0
178.0,False,178.0
178.0,False,178.0
178.0,False,178.0
178.0,False,178.0
178.0,False,178.0
178.0,False,178.0
179.0,False,179.0
179.0,False,179.0
179.0,False,179.0
179.0,False,179.0
179.0,False,179.0
179.0,False,179.0
179.0,False,179.0
179.0,False,179.0
179.0,False,179.0
179.0,False,179.0
178.0,False,178.0
178.0,False,178.0
178.0,False,178.0
178.0,False,178.0
178.0,False,178.0
178.0,False,178.0
178.0,False,178.0
178.0,False,178.0
178.0,False,178.0
178.0,False,178.0
178.0,False,178.0
178.0,False,178.0
178.0,False,178.0
178.0,False,178.0
178.0,False,178.0
178.0,False,178.0
178.0,False,178.0
178.0,False,178.0
178.0,False,178.0
178.0,False,178.0
177.0,False,177.0
177.0,False,177.0
177.0,False,177.0
176.0,False,176.0
176.0,False,176.0
175.0,False,175.0
174.0,False,174.0
173.0,False,173.0
173.0,False,173.0
172.0,False,172.0
172.0,False,172.0
171.0,False,171.0
171.0,False,171.0
170.0,False,170.0
170.0,False,170.0
169.0,False,169.0
169.0,False,169.0
168.0,False,168.0
167.0,False,167.0
168.0,False,168.0
167.0,False,167.0
166.0,False,166.0
166.0,False,166.0
166.0,False,166.0
166.0,False,166.0
166.0,False,166.0
166.0,False,166.0
166.0,False,166.0
166.0,False,166.0
166.0,False,166.0
166.0,False,166.0
166.0,False,166.0
165.0,False,165.0
164.0,False,164.0
163.0,False,163.0
163.0,False,163.0
163.0,False,163.0
163.0,False,163.0
162.0,False,162.0
162.0,False,162.0
162.0,False,162.0
162.0,False,162.0
162.0,False,162.0
162.0,False,162.0
162.0,False,162.0
162.0,False,162.0
162.0,False,162.0
162.0,False,162.0
162.0,False,162.0
163.0,False,163.0
164.0,False,164.0
164.0,False,164.0
164.0,False,164.0
166.0,False,166.0
167.0,False,167.0
167.0,False,167.0
168.0,False,168.0
168.0,False,168.0
168.0,False,168.0
168.0,False,168.0
168.0,False,168.0
168.0,False,168.0
168.0,False,168.0
168.0,False,168.0
168.0,False,168.0
168.0,False,168.0
168.0,False,168.0
168.0,False,168.0
168.0,False,168.0
168.0,False,168.0
168.0,False,168.0
168.0,False,168.0
168.0,False,168.0
168.0,False,168.0
168.0,False,168.0
168.0,False,168.0
168.0,False,168.0
168.0,False,168.0
168.0,False,168.0
169.0,False,169.0
169.0,False,169.0
169.0,False,169.0
169.0,False,169.0
168.0,False,168.0
168.0,False,168.0
168.0,False,168.0
168.0,False,168.0
168.0,False,168.0
168.0,False,168.0
168.0,False,168.0
168.0,False,168.0
168.0,False,168.0
168.0,False,168.0
167.0,False,167.0
167.0,False,167.0
167.0,False,167.0
167.0,False,167.0
167.0,False,167.0
167.0,False,167.0
167.0,False,167.0
167.0,False,167.0
167.0,False,167.0
167.0,False,167.0
168.0,False,168.0
168.0,False,168.0
168.0,False,168.0
168.0,False,168.0
167.0,False,167.0
167.0,False,167.0
167.0,False,167.0
167.0,False,167.0
167.0,False,167.0
167.0,False,167.0
167.0,False,167.0
167.0,False,167.0
167.0,False,167.0
167.0,False,167.0
167.0,False,167.0
167.0,False,167.0
167.0,False,167.0
167.0,False,167.0
167.0,False,167.0
167.0,False,167.0
167.0,False,167.0
167.0,False,167.0
167.0,False,167.0
168.0,False,168.0
169.0,False,169.0
170.0,False,170.0
171.0,False,171.0
171.0,False,171.0
171.0,False,171.0
171.0,False,171.0
172.0,False,172.0
172.0,False,172.0
173.0,False,173.0
174.0,False,174.0
174.0,False,174.0
174.0,False,174.0
175.0,False,175.0
175.0,False,175.0
176.0,False,176.0
177.0,False,177.0
178.0,False,178.0
178.0,False,178.0
178.0,False,178.0
179.0,False,179.0
179.0,False,179.0
179.0,False,179.0
179.0,False,179.0
179.0,False,179.0
179.0,False,179.0
179.0,False,179.0
179.0,False,179.0
180.0,False,180.0
180.0,False,180.0
180.0,False,180.0
180.0,False,180.0
181.0,False,181.0
181.0,False,181.0
182.0,False,182.0
182.0,False,182.0
182.0,False,182.0
182.0,False,182.0
181.0,False,181.0
181.0,False,181.0
181.0,False,181.0
180.0,False,180.0
179.0,False,179.0
178.0,False,178.0
178.0,False,178.0
178.0,False,178.0
178.0,False,178.0
178.0,False,178.0
176.0,False,176.0
177.0,False,177.0
175.0,False,175.0
174.0,False,174.0
173.0,False,173.0
173.0,False,173.0
172.0,False,172.0
172.0,False,172.0
171.0,False,171.0
171.0,False,171.0
170.0,False,170.0
170.0,False,170.0
169.0,False,169.0
169.0,False,169.0
169.0,False,169.0
169.0,False,169.0
169.0,False,169.0
169.0,False,169.0
169.0,False,169.0
169.0,False,169.0
169.0,False,169.0
168.0,False,168.0
166.0,False,166.0
164.0,False,164.0
162.0,False,162.0
160.0,False,160.0
160.0,False,160.0
160.0,False,160.0
160.0,False,160.0
159.0,False,159.0
159.0,False,159.0
158.0,False,158.0
158.0,False,158.0
